time,down,up,rnti_count,mcs_down,mcs_down_var,mcs_up,mcs_up_var,rb_down,rb_down_var,rb_up,rb_up_var
3/28/2018 15:56,174876888,1856888,10229,15.33229815,87.15768838,14.98149696,49.98948413,0.029681167,4.50E-08,0.000540667,3.14E-08
